[{
  "_id": {
    "$oid": "60838281ad7eb967467f5f39"
  },
  "DiscName": "Mayhem",
  "Plastic": "Plasma",
  "Type": "Distance Driver",
  "Speed": "13",
  "Glide": "5",
  "Turn": "-1.5",
  "Fade": "2",
  "Stability": "Stable",
  "Brand": "MVP"
},{
  "_id": {
    "$oid": "60838281ad7eb967467f5f3a"
  },
  "DiscName": "Trace",
  "Plastic": "Cosmic Neutron",
  "Type": "Distance Driver",
  "Speed": "11",
  "Glide": "5",
  "Turn": "-1",
  "Fade": "2",
  "Stability": "Stable",
  "Brand": "MVP"
},{
  "_id": {
    "$oid": "60838281ad7eb967467f5f3b"
  },
  "DiscName": "Wave",
  "Plastic": "Fission",
  "Type": "Distance Driver",
  "Speed": "11",
  "Glide": "5",
  "Turn": "-2.5",
  "Fade": "2",
  "Stability": "Under Stable",
  "Brand": ""
},{
  "_id": {
    "$oid": "60838281ad7eb967467f5f3c"
  },
  "DiscName": "Locust",
  "Plastic": "Alpine",
  "Type": "Fairway Driver",
  "Speed": "9",
  "Glide": "4",
  "Turn": "-1",
  "Fade": "3",
  "Stability": "Over Stable",
  "Brand": "AGL"
},{
  "_id": {
    "$oid": "60838281ad7eb967467f5f3d"
  },
  "DiscName": "Motion",
  "Plastic": "Plasma",
  "Type": "Distance Driver",
  "Speed": "9",
  "Glide": "3.5",
  "Turn": "0",
  "Fade": "4",
  "Stability": "Over Stable",
  "Brand": "MVP"
},{
  "_id": {
    "$oid": "60838281ad7eb967467f5f3e"
  },
  "DiscName": "Lift",
  "Plastic": "Proton",
  "Type": "Distance Driver",
  "Speed": "9",
  "Glide": "5",
  "Turn": "-2",
  "Fade": "1.5",
  "Stability": "Stable",
  "Brand": "Streamline"
},{
  "_id": {
    "$oid": "60838281ad7eb967467f5f3f"
  },
  "DiscName": "Volt",
  "Plastic": "Cosmic Neutron",
  "Type": "Fairway Driver",
  "Speed": "8",
  "Glide": "5",
  "Turn": "-.5",
  "Fade": "2",
  "Stability": "Over Stable",
  "Brand": "MVP"
},{
  "_id": {
    "$oid": "60838281ad7eb967467f5f40"
  },
  "DiscName": "Witness",
  "Plastic": "Lucid",
  "Type": "Fairway Driver",
  "Speed": "8",
  "Glide": "6",
  "Turn": "-3",
  "Fade": "1",
  "Stability": "Under Stable",
  "Brand": "Dynamic"
},{
  "_id": {
    "$oid": "60838281ad7eb967467f5f41"
  },
  "DiscName": "Maverick",
  "Plastic": "Lucid",
  "Type": "Fairway Driver",
  "Speed": "7",
  "Glide": "4",
  "Turn": "-1.5",
  "Fade": "2",
  "Stability": "Under Stable",
  "Brand": "Dynamic"
},{
  "_id": {
    "$oid": "60838281ad7eb967467f5f42"
  },
  "DiscName": "Crave",
  "Plastic": "Cosmic Neutron",
  "Type": "Fairway Driver",
  "Speed": "6.5",
  "Glide": "5",
  "Turn": "-1",
  "Fade": "1",
  "Stability": "Stable",
  "Brand": "Axiom"
},{
  "_id": {
    "$oid": "60838281ad7eb967467f5f43"
  },
  "DiscName": "Runway",
  "Plastic": "Cosmic Neutron",
  "Type": "Midrange",
  "Speed": "5",
  "Glide": "4",
  "Turn": "0",
  "Fade": "3.5",
  "Stability": "Over Stable",
  "Brand": "Streamline"
},{
  "_id": {
    "$oid": "60838281ad7eb967467f5f44"
  },
  "DiscName": "Reactor",
  "Plastic": "Eclipse",
  "Type": "Midrange",
  "Speed": "5",
  "Glide": "5",
  "Turn": "-.5",
  "Fade": "1.5",
  "Stability": "Stable",
  "Brand": "MVP"
},{
  "_id": {
    "$oid": "60838281ad7eb967467f5f45"
  },
  "DiscName": "Reactor",
  "Plastic": "Neutron",
  "Type": "Midrange",
  "Speed": "5",
  "Glide": "5",
  "Turn": "-.5",
  "Fade": "1.5",
  "Stability": "Stable",
  "Brand": "MVP"
},{
  "_id": {
    "$oid": "60838281ad7eb967467f5f46"
  },
  "DiscName": "Origin",
  "Plastic": "Evolution",
  "Type": "Midrange",
  "Speed": "5",
  "Glide": "5",
  "Turn": "-1",
  "Fade": "1",
  "Stability": "Under Stable",
  "Brand": "Disc Mania"
},{
  "_id": {
    "$oid": "60838281ad7eb967467f5f47"
  },
  "DiscName": "Entropy",
  "Plastic": "Neutron",
  "Type": "Approach",
  "Speed": "4",
  "Glide": "3",
  "Turn": "0",
  "Fade": "3",
  "Stability": "Over Stable",
  "Brand": "MVP"
},{
  "_id": {
    "$oid": "60838281ad7eb967467f5f48"
  },
  "DiscName": "Envy",
  "Plastic": "Cosmic Neutron",
  "Type": "Putter",
  "Speed": "3",
  "Glide": "3",
  "Turn": "0",
  "Fade": "2",
  "Stability": "Stable",
  "Brand": "Axiom"
},{
  "_id": {
    "$oid": "60838281ad7eb967467f5f49"
  },
  "DiscName": "Berg",
  "Plastic": "K1",
  "Type": "Putter",
  "Speed": "1",
  "Glide": "1",
  "Turn": "0",
  "Fade": "2",
  "Stability": "Stable",
  "Brand": "Kastaplast"
},{
  "_id": {
    "$oid": "60838281ad7eb967467f5f4a"
  },
  "DiscName": "Keystone",
  "Plastic": "Moonshine",
  "Type": "Putter",
  "Speed": "2",
  "Glide": "5",
  "Turn": "-1",
  "Fade": "1",
  "Stability": "Under Stable",
  "Brand": "Latitude 64"
},{
  "_id": {
    "$oid": "60838281ad7eb967467f5f4b"
  },
  "DiscName": "Keystone",
  "Plastic": "Zero Hard",
  "Type": "Putter",
  "Speed": "2",
  "Glide": "5",
  "Turn": "-1",
  "Fade": "1",
  "Stability": "Under Stable",
  "Brand": "Latitude 64"
}]