[{
  "_id": {
    "$oid": "60839a0fad7eb967467f5f4c"
  },
  "DiscName": "Tern",
  "Plastic": "Star",
  "Type": "Distance Driver",
  "Speed": "12",
  "Glide": "6",
  "Turn": "-4",
  "Fade": "2",
  "Stability": "Understable",
  "Brand": "Innova"
},{
  "_id": {
    "$oid": "60839a0fad7eb967467f5f4d"
  },
  "DiscName": "Sapphire",
  "Plastic": "Opto",
  "Type": "Distance Driver",
  "Speed": "10",
  "Glide": "6",
  "Turn": "-2",
  "Fade": "1.5",
  "Stability": "Stable",
  "Brand": "Latitude 64"
},{
  "_id": {
    "$oid": "60839a0fad7eb967467f5f4e"
  },
  "DiscName": "Under Taker",
  "Plastic": "Z",
  "Type": "Fairway Driver",
  "Speed": "9",
  "Glide": "5",
  "Turn": "-1",
  "Fade": "2",
  "Stability": "Overstable",
  "Brand": "Discraft"
},{
  "_id": {
    "$oid": "60839a0fad7eb967467f5f4f"
  },
  "DiscName": "Saint",
  "Plastic": "Opto Air",
  "Type": "Fairway Driver",
  "Speed": "9",
  "Glide": "7",
  "Turn": "-1",
  "Fade": "2",
  "Stability": "Stable",
  "Brand": "Latitude 64"
},{
  "_id": {
    "$oid": "60839a0fad7eb967467f5f50"
  },
  "DiscName": "Escape",
  "Plastic": "Lucid",
  "Type": "Fairway Driver",
  "Speed": "9",
  "Glide": "5",
  "Turn": "-1",
  "Fade": "2",
  "Stability": "Stable",
  "Brand": "Dynamic"
},{
  "_id": {
    "$oid": "60839a0fad7eb967467f5f51"
  },
  "DiscName": "Locust",
  "Plastic": "Alpine",
  "Type": "Fairway Driver",
  "Speed": "9",
  "Glide": "4",
  "Turn": "-1",
  "Fade": "3",
  "Stability": "Overstable",
  "Brand": "AGL"
},{
  "_id": {
    "$oid": "60839a0fad7eb967467f5f52"
  },
  "DiscName": "Tesla",
  "Plastic": "Neutron",
  "Type": "Distance Driver",
  "Speed": "10",
  "Glide": "4",
  "Turn": "-.5",
  "Fade": "2.5",
  "Stability": "Overstable",
  "Brand": "MVP"
},{
  "_id": {
    "$oid": "60839a0fad7eb967467f5f53"
  },
  "DiscName": "Diamond",
  "Plastic": "Opto",
  "Type": "Fairway Driver",
  "Speed": "8",
  "Glide": "6",
  "Turn": "-3",
  "Fade": "1",
  "Stability": "Understable",
  "Brand": "Latitude 64"
},{
  "_id": {
    "$oid": "60839a0fad7eb967467f5f54"
  },
  "DiscName": "Maverick",
  "Plastic": "Lucid",
  "Type": "Fairway",
  "Speed": "7",
  "Glide": "4",
  "Turn": "-1.5",
  "Fade": "2",
  "Stability": "Understable",
  "Brand": "Dynamic"
},{
  "_id": {
    "$oid": "60839a0fad7eb967467f5f55"
  },
  "DiscName": "Magnolia",
  "Plastic": "Alpine Hemp",
  "Type": "Midrange",
  "Speed": "5",
  "Glide": "5",
  "Turn": "0",
  "Fade": "2",
  "Stability": "Stable",
  "Brand": "AGL"
},{
  "_id": {
    "$oid": "60839a0fad7eb967467f5f56"
  },
  "DiscName": "Warrant",
  "Plastic": "Lucid",
  "Type": "Midrange",
  "Speed": "5",
  "Glide": "5",
  "Turn": "-2",
  "Fade": "0",
  "Stability": "Understable",
  "Brand": "Dynamic"
},{
  "_id": {
    "$oid": "60839a0fad7eb967467f5f57"
  },
  "DiscName": "Patrol",
  "Plastic": "Lucid",
  "Type": "Midrange",
  "Speed": "5",
  "Glide": "5",
  "Turn": "-3",
  "Fade": "1",
  "Stability": "Understable",
  "Brand": "Dynamic"
},{
  "_id": {
    "$oid": "60839a0fad7eb967467f5f58"
  },
  "DiscName": "Baobab",
  "Plastic": "Alpine",
  "Type": "Approach",
  "Speed": "4",
  "Glide": "0",
  "Turn": "1",
  "Fade": "3",
  "Stability": "Overstable",
  "Brand": "AGL"
},{
  "_id": {
    "$oid": "60839a0fad7eb967467f5f59"
  },
  "DiscName": "Manzanita",
  "Plastic": "Hemp",
  "Type": "Putter",
  "Speed": "3",
  "Glide": "3",
  "Turn": "0",
  "Fade": "2",
  "Stability": "Overstable",
  "Brand": "AGL"
},{
  "_id": {
    "$oid": "60839a0fad7eb967467f5f5a"
  },
  "DiscName": "Ponderosa",
  "Plastic": "Alpine",
  "Type": "Putter",
  "Speed": "2",
  "Glide": "4",
  "Turn": "-1",
  "Fade": "0",
  "Stability": "Understable",
  "Brand": "AGL"
},{
  "_id": {
    "$oid": "60839a0fad7eb967467f5f5b"
  },
  "DiscName": "Pure",
  "Plastic": "Megasoft",
  "Type": "Putter",
  "Speed": "3",
  "Glide": "3",
  "Turn": "-1",
  "Fade": "1",
  "Stability": "Understable",
  "Brand": "Latitude 64"
},{
  "_id": {
    "$oid": "60839a0fad7eb967467f5f5c"
  },
  "DiscName": "Luna",
  "Plastic": "Prototype",
  "Type": "Putter",
  "Speed": "3",
  "Glide": "4",
  "Turn": "0",
  "Fade": "2",
  "Stability": "Stable",
  "Brand": "Discraft"
}]